{
    "__comment": "Made with TheDestruc7i0n's advancements generator: https://advancements.thedestruc7i0n.ca",
    "display": {
        "title": {
            "text": "Crafting"
        },
        "description": {
            "text": "4*Lime Terracotta, 3*Green Terracotta, 1*Redstone Block, 1*Iron Door"
        },
        "icon": {
            "item": "minecraft:brick",
            "nbt": "{CustomModelData: 482646}"
        },
        "frame": "task",
        "show_toast": true,
        "announce_to_chat": false,
        "hidden": false
    },
    "criteria": {
        "n": {
            "trigger": "minecraft:tick"
        }
    },
    "parent": "command_block:chain_command_block"
}