{
    "__comment": "Made with TheDestruc7i0n's advancements generator: https://advancements.thedestruc7i0n.ca",
    "display": {
        "title": {
            "text": "Command Block Remover Tool",
            "bold": true
        },
        "description": {
            "text": "Can be made by throughing a Dimond or a Netherite Pickaxe and a Command Block on the ground (Remember to do it one at a time)"
        },
        "icon": {
            "item": "minecraft:diamond_pickaxe"
        },
        "frame": "task",
        "show_toast": true,
        "announce_to_chat": false,
        "hidden": false
    },
    "criteria": {
        "n": {
            "trigger": "minecraft:tick"
        }
    },
    "parent": "command_block:command_block_survival_root"
}