{
    "__comment": "Made with TheDestruc7i0n's advancements generator: https://advancements.thedestruc7i0n.ca",
    "display": {
        "title": {
            "text": "Command Block Survival",
            "bold": true,
            "italic": false,
            "underlined": false,
            "strikethrough": false,
            "obfuscated": false
        },
        "description": {
            "text": "These Advancements helps you use Command Block Survival Datapack",
            "color": "blue",
            "italic": false
        },
        "icon": {
            "item": "minecraft:command_block"
        },
        "frame": "task",
        "show_toast": true,
        "announce_to_chat": false,
        "hidden": false,
        "background": "minecraft:textures/custom/command_block_back_one.png"
    },
    "criteria": {
        "n": {
            "trigger": "minecraft:tick"
        }
    }
}