{
    "__comment": "Made with TheDestruc7i0n's advancements generator: https://advancements.thedestruc7i0n.ca",
    "display": {
        "title": {
            "text": "Activating The Command Block"
        },
        "description": {
            "text": "Can be Done by throughing the Unactive Command Block and a Nether Star on the ground (Remember to do it one at a time)"
        },
        "icon": {
            "item": "minecraft:command_block"
        },
        "frame": "task",
        "show_toast": true,
        "announce_to_chat": false,
        "hidden": false
    },
    "criteria": {
        "n": {
            "trigger": "minecraft:tick"
        }
    },
    "parent": "command_block:command_block_crafting"
}