{
    "__comment": "Made with TheDestruc7i0n's advancements generator: https://advancements.thedestruc7i0n.ca",
    "display": {
        "title": {
            "text": "Crafting"
        },
        "description": {
            "text": "4*Orange Terracotta, 3*White Terracotta, 1*Redstone Block, 1*Iron Door"
        },
        "icon": {
            "item": "minecraft:stick",
            "nbt": "{CustomModelData: 382645}"
        },
        "frame": "task",
        "show_toast": true,
        "announce_to_chat": false,
        "hidden": false
    },
    "criteria": {
        "n": {
            "trigger": "minecraft:tick"
        }
    },
    "parent": "command_block:command_block"
}