{
	"credit": "Made with Blockbench",
	"parent": "stick",
	"texture_size": [32, 32],
	"textures": {
		"0": "custom/recipe_of_jigsaw_block",
		"particle": "custom/recipe_of_jigsaw_block"
	},
	"elements": [
		{
			"from": [0, 0, 8],
			"to": [16, 16, 8],
			"faces": {
				"north": {"uv": [0, 0, 16, 16], "texture": "#0"},
				"east": {"uv": [0, 0, 16, 16], "texture": "#0"},
				"south": {"uv": [0, 0, 16, 16], "texture": "#0"},
				"west": {"uv": [0, 0, 16, 16], "texture": "#0"},
				"up": {"uv": [0, 0, 16, 16], "texture": "#0"},
				"down": {"uv": [0, 0, 16, 16], "texture": "#0"}
			}
		}
	],
	"gui_light": "front",
	"display": {
		"firstperson_righthand": {
			"translation": [-8.25, 8.5, 0]
		},
		"ground": {
			"scale": [2, 2, 1]
		},
		"gui": {
			"translation": [0, 0, 80],
			"scale": [2, 2, 1]
		},
		"fixed": {
			"translation": [0, 0, -0.5],
			"scale": [2, 2, 1]
		}
	}
}