{
	"credit": "Made with Blockbench",
	"parent": "stick",
	"texture_size": [32, 32],
	"textures": {
		"1": "custom/command_block_back",
		"2": "custom/command_block_front",
		"3": "custom/diamond_block",
		"4": "custom/command_block_side",
		"particle": "custom/command_block_back"
	},
	"elements": [
		{
			"from": [7.47487, 10.97487, 5],
			"to": [11.47487, 14.97487, 9],
			"rotation": {"angle": 45, "axis": "z", "origin": [7, 10.5, 7]},
			"faces": {
				"north": {"uv": [0, 0, 16, 16], "texture": "#2"},
				"east": {"uv": [0, 0, 16, 16], "rotation": 90, "texture": "#4"},
				"south": {"uv": [0, 0, 16, 16], "texture": "#1"},
				"west": {"uv": [0, 0, 16, 16], "rotation": 270, "texture": "#4"},
				"up": {"uv": [0, 0, 16, 16], "texture": "#4"},
				"down": {"uv": [0, 0, 16, 16], "rotation": 180, "texture": "#4"}
			}
		},
		{
			"from": [6, 2, 6],
			"to": [8, 12, 8],
			"rotation": {"angle": 0, "axis": "y", "origin": [7, 10.5, 7]},
			"faces": {
				"north": {"uv": [5, 4, 8, 14], "texture": "#3"},
				"east": {"uv": [7, 3, 10, 13], "texture": "#3"},
				"south": {"uv": [6, 3, 9, 13], "texture": "#3"},
				"west": {"uv": [6, 3, 9, 13], "texture": "#3"},
				"up": {"uv": [6, 6, 8, 8], "texture": "#3"},
				"down": {"uv": [7, 11, 9, 13], "texture": "#3"}
			}
		}
	],
	"display": {
		"thirdperson_righthand": {
			"scale": [0.5, 0.5, 0.5]
		},
		"thirdperson_lefthand": {
			"scale": [0.5, 0.5, 0.5]
		},
		"firstperson_righthand": {
			"translation": [0, 2.25, 0]
		},
		"firstperson_lefthand": {
			"translation": [0, 2.25, 0]
		},
		"ground": {
			"scale": [0.8, 0.8, 0.8]
		},
		"gui": {
			"translation": [1.25, -1.25, 0]
		},
		"head": {
			"translation": [0.75, 12.25, 1]
		},
		"fixed": {
			"translation": [1, -1.5, 0]
		}
	}
}