{
    "__comment": "Made with TheDestruc7i0n's advancements generator: https://advancements.thedestruc7i0n.ca",
    "display": {
        "title": {
            "text": "Crafting"
        },
        "description": {
            "text": "4*Obsidian, 2*Terracotta, 2*Crying Obsidian, 1*Beacon"
        },
        "icon": {
            "item": "minecraft:stick",
            "nbt": "{CustomModelData: 432643}"
        },
        "frame": "task",
        "show_toast": false,
        "announce_to_chat": false,
        "hidden": false
    },
    "criteria": {
        "n": {
            "trigger": "minecraft:tick"
        }
    },
    "parent": "command_block:jigsaw_block"
}