{
	"credit": "Made with Blockbench",
	"parent": "carrot_on_a_stick",
	"texture_size": [32, 32],
	"textures": {
		"0": "custom/iron",
		"particle": "custom/iron"
	},
	"elements": [
		{
			"name": "Handle",
			"from": [7, 5, 7],
			"to": [9, 14, 8],
			"rotation": {"angle": 0, "axis": "y", "origin": [8, 6, 9]},
			"faces": {
				"north": {"uv": [0, 0, 3.5, 16], "texture": "#0"},
				"east": {"uv": [0, 0, 2, 16], "texture": "#0"},
				"south": {"uv": [0, 0, 3.5, 16], "texture": "#0"},
				"west": {"uv": [0, 0, 2, 16], "texture": "#0"},
				"up": {"uv": [0, 0, 3.5, 2], "texture": "#0"},
				"down": {"uv": [0, 0, 3.5, 2], "texture": "#0"}
			}
		},
		{
			"from": [7, 14, 7],
			"to": [9, 16, 8],
			"rotation": {"angle": 0, "axis": "y", "origin": [8, 16, 9]},
			"faces": {
				"north": {"uv": [0, 0, 3.5, 4], "texture": "#0"},
				"east": {"uv": [0, 0, 2, 4], "texture": "#0"},
				"south": {"uv": [0, 0, 3.5, 4], "texture": "#0"},
				"west": {"uv": [0, 0, 2, 4], "texture": "#0"},
				"up": {"uv": [0, 0, 3.5, 2], "texture": "#0"},
				"down": {"uv": [0, 0, 3.5, 2], "texture": "#0"}
			}
		},
		{
			"from": [6, 15, 7.01],
			"to": [8, 16, 7.99],
			"rotation": {"angle": -45, "axis": "z", "origin": [7, 16, 9]},
			"faces": {
				"north": {"uv": [0, 0, 3.5, 2], "texture": "#0"},
				"east": {"uv": [0, 0, 3.5, 2], "texture": "#0"},
				"south": {"uv": [0, 0, 3.5, 2], "texture": "#0"},
				"west": {"uv": [0, 0, 3.5, 2], "texture": "#0"},
				"up": {"uv": [0, 0, 3.5, 2], "texture": "#0"},
				"down": {"uv": [0, 0, 3.5, 2], "texture": "#0"}
			}
		},
		{
			"from": [8, 15, 7.01],
			"to": [10, 16, 7.99],
			"rotation": {"angle": 45, "axis": "z", "origin": [9, 16, 9]},
			"faces": {
				"north": {"uv": [1, 0, 4.5, 2], "texture": "#0"},
				"east": {"uv": [1, 0, 4.5, 2], "texture": "#0"},
				"south": {"uv": [1, 0, 4.5, 2], "texture": "#0"},
				"west": {"uv": [1, 0, 4.5, 2], "texture": "#0"},
				"up": {"uv": [1, 0, 4.5, 2], "texture": "#0"},
				"down": {"uv": [1, 0, 4.5, 2], "texture": "#0"}
			}
		},
		{
			"from": [5.5859, 16, 7.02],
			"to": [6.5859, 18, 7.98],
			"rotation": {"angle": 0, "axis": "z", "origin": [6.5625, 17, 9]},
			"faces": {
				"north": {"uv": [0, 0, 3.5, 2], "rotation": 90, "texture": "#0"},
				"east": {"uv": [0, 0, 3.5, 2], "rotation": 90, "texture": "#0"},
				"south": {"uv": [0, 0, 3.5, 2], "rotation": 90, "texture": "#0"},
				"west": {"uv": [0, 0, 3.5, 2], "rotation": 90, "texture": "#0"},
				"up": {"uv": [0, 0, 3.5, 2], "rotation": 90, "texture": "#0"},
				"down": {"uv": [0, 0, 3.5, 2], "rotation": 90, "texture": "#0"}
			}
		},
		{
			"from": [9.4141, 16, 7.02],
			"to": [10.4141, 18, 7.98],
			"rotation": {"angle": 0, "axis": "z", "origin": [9.4375, 17, 9]},
			"faces": {
				"north": {"uv": [0, 0.5, 3.5, 2.5], "rotation": 270, "texture": "#0"},
				"east": {"uv": [0, 0.5, 3.5, 2.5], "rotation": 270, "texture": "#0"},
				"south": {"uv": [0, 0.5, 3.5, 2.5], "rotation": 270, "texture": "#0"},
				"west": {"uv": [0, 0.5, 3.5, 2.5], "rotation": 270, "texture": "#0"},
				"up": {"uv": [0, 0.5, 3.5, 2.5], "rotation": 270, "texture": "#0"},
				"down": {"uv": [0, 0.5, 3.5, 2.5], "rotation": 270, "texture": "#0"}
			}
		},
		{
			"from": [6, 17, 7.03],
			"to": [7, 18.25, 7.97],
			"rotation": {"angle": -45, "axis": "z", "origin": [7, 18, 9]},
			"faces": {
				"north": {"uv": [0, 0, 3.5, 2.5], "rotation": 90, "texture": "#0"},
				"east": {"uv": [0, 0, 3.5, 2.5], "rotation": 90, "texture": "#0"},
				"south": {"uv": [0, 0, 3.5, 2.5], "rotation": 90, "texture": "#0"},
				"west": {"uv": [0, 0, 3.5, 2.5], "rotation": 90, "texture": "#0"},
				"up": {"uv": [0, 0, 3.5, 2.5], "rotation": 90, "texture": "#0"},
				"down": {"uv": [0, 0, 3.5, 2.5], "rotation": 90, "texture": "#0"}
			}
		},
		{
			"from": [9, 17, 7.03],
			"to": [10, 18.25, 7.97],
			"rotation": {"angle": 45, "axis": "z", "origin": [9, 18, 9]},
			"faces": {
				"north": {"uv": [0, 0.5, 3.5, 3], "rotation": 270, "texture": "#0"},
				"east": {"uv": [0, 0.5, 3.5, 3], "rotation": 270, "texture": "#0"},
				"south": {"uv": [0, 0.5, 3.5, 3], "rotation": 270, "texture": "#0"},
				"west": {"uv": [0, 0.5, 3.5, 3], "rotation": 270, "texture": "#0"},
				"up": {"uv": [0, 0.5, 3.5, 3], "rotation": 270, "texture": "#0"},
				"down": {"uv": [0, 0.5, 3.5, 3], "rotation": 270, "texture": "#0"}
			}
		},
		{
			"from": [7, 3, 7],
			"to": [9, 5, 8],
			"rotation": {"angle": 0, "axis": "y", "origin": [8, 3, 9]},
			"faces": {
				"north": {"uv": [0, 4, 3.5, 0], "texture": "#0"},
				"east": {"uv": [0, 4, 2, 0], "texture": "#0"},
				"south": {"uv": [0, 4, 3.5, 0], "texture": "#0"},
				"west": {"uv": [0, 4, 2, 0], "texture": "#0"},
				"up": {"uv": [0, 2, 3.5, 0], "texture": "#0"},
				"down": {"uv": [0, 2, 3.5, 0], "texture": "#0"}
			}
		},
		{
			"from": [6, 3, 7.01],
			"to": [8, 4, 7.99],
			"rotation": {"angle": 45, "axis": "z", "origin": [7, 3, 9]},
			"faces": {
				"north": {"uv": [0, 2, 3.5, 0], "texture": "#0"},
				"east": {"uv": [0, 2, 3.5, 0], "texture": "#0"},
				"south": {"uv": [0, 2, 3.5, 0], "texture": "#0"},
				"west": {"uv": [0, 2, 3.5, 0], "texture": "#0"},
				"up": {"uv": [0, 2, 3.5, 0], "texture": "#0"},
				"down": {"uv": [0, 2, 3.5, 0], "texture": "#0"}
			}
		},
		{
			"from": [8, 3, 7.01],
			"to": [10, 4, 7.99],
			"rotation": {"angle": -45, "axis": "z", "origin": [9, 3, 9]},
			"faces": {
				"north": {"uv": [1, 2, 4.5, 0], "texture": "#0"},
				"east": {"uv": [1, 2, 4.5, 0], "texture": "#0"},
				"south": {"uv": [1, 2, 4.5, 0], "texture": "#0"},
				"west": {"uv": [1, 2, 4.5, 0], "texture": "#0"},
				"up": {"uv": [1, 2, 4.5, 0], "texture": "#0"},
				"down": {"uv": [1, 2, 4.5, 0], "texture": "#0"}
			}
		},
		{
			"from": [5.5859, 1, 7.02],
			"to": [6.5859, 3, 7.98],
			"rotation": {"angle": 0, "axis": "z", "origin": [6.5625, 2, 9]},
			"faces": {
				"north": {"uv": [3.5, 0, 0, 2], "rotation": 90, "texture": "#0"},
				"east": {"uv": [3.5, 0, 0, 2], "rotation": 90, "texture": "#0"},
				"south": {"uv": [3.5, 0, 0, 2], "rotation": 90, "texture": "#0"},
				"west": {"uv": [3.5, 0, 0, 2], "rotation": 90, "texture": "#0"},
				"up": {"uv": [3.5, 0, 0, 2], "rotation": 90, "texture": "#0"},
				"down": {"uv": [3.5, 0, 0, 2], "rotation": 90, "texture": "#0"}
			}
		},
		{
			"from": [9.4141, 1, 7.02],
			"to": [10.4141, 3, 7.98],
			"rotation": {"angle": 0, "axis": "z", "origin": [9.4375, 2, 9]},
			"faces": {
				"north": {"uv": [3.5, 0.5, 0, 2.5], "rotation": 270, "texture": "#0"},
				"east": {"uv": [3.5, 0.5, 0, 2.5], "rotation": 270, "texture": "#0"},
				"south": {"uv": [3.5, 0.5, 0, 2.5], "rotation": 270, "texture": "#0"},
				"west": {"uv": [3.5, 0.5, 0, 2.5], "rotation": 270, "texture": "#0"},
				"up": {"uv": [3.5, 0.5, 0, 2.5], "rotation": 270, "texture": "#0"},
				"down": {"uv": [3.5, 0.5, 0, 2.5], "rotation": 270, "texture": "#0"}
			}
		},
		{
			"from": [6, 0.75, 7.03],
			"to": [7, 2, 7.97],
			"rotation": {"angle": 45, "axis": "z", "origin": [7, 1, 9]},
			"faces": {
				"north": {"uv": [3.5, 0, 0, 2.5], "rotation": 90, "texture": "#0"},
				"east": {"uv": [3.5, 0, 0, 2.5], "rotation": 90, "texture": "#0"},
				"south": {"uv": [3.5, 0, 0, 2.5], "rotation": 90, "texture": "#0"},
				"west": {"uv": [3.5, 0, 0, 2.5], "rotation": 90, "texture": "#0"},
				"up": {"uv": [3.5, 0, 0, 2.5], "rotation": 90, "texture": "#0"},
				"down": {"uv": [3.5, 0, 0, 2.5], "rotation": 90, "texture": "#0"}
			}
		},
		{
			"from": [9, 0.75, 7.03],
			"to": [10, 2, 7.97],
			"rotation": {"angle": -45, "axis": "z", "origin": [9, 1, 9]},
			"faces": {
				"north": {"uv": [3.5, 0.5, 0, 3], "rotation": 270, "texture": "#0"},
				"east": {"uv": [3.5, 0.5, 0, 3], "rotation": 270, "texture": "#0"},
				"south": {"uv": [3.5, 0.5, 0, 3], "rotation": 270, "texture": "#0"},
				"west": {"uv": [3.5, 0.5, 0, 3], "rotation": 270, "texture": "#0"},
				"up": {"uv": [3.5, 0.5, 0, 3], "rotation": 270, "texture": "#0"},
				"down": {"uv": [3.5, 0.5, 0, 3], "rotation": 270, "texture": "#0"}
			}
		}
	],
	"display": {
		"thirdperson_righthand": {
			"scale": [0.5, 0.5, 0.5]
		},
		"thirdperson_lefthand": {
			"scale": [0.5, 0.5, 0.5]
		},
		"firstperson_righthand": {
			"scale": [0.5, 0.5, 0.5]
		},
		"firstperson_lefthand": {
			"scale": [0.5, 0.5, 0.5]
		},
		"ground": {
			"rotation": [60, 0, 0],
			"translation": [0, -2, 0],
			"scale": [0.5, 0.5, 0.5]
		},
		"gui": {
			"rotation": [0, 0, -45],
			"translation": [-1, -0.5, 0],
			"scale": [0.9, 0.9, 0.9]
		},
		"head": {
			"translation": [0, 13.5, 0]
		},
		"fixed": {
			"rotation": [0, 0, 45],
			"translation": [1, -1, 0]
		}
	},
	"groups": [0,
		{
			"name": "Head 1",
			"origin": [7, 11, 9],
			"children": [1, 2, 3, 4, 5, 6, 7]
		},
		{
			"name": "Head 2",
			"origin": [7, 11, 9],
			"children": [8, 9, 10, 11, 12, 13, 14]
		}
	]
}